Directory,Filename
cfn-ps-microsoft-activedirectory-airgapped/downloads/scripts,Invoke-TwoTierSubCaPreConfig.ps1
cfn-ps-microsoft-activedirectory-airgapped/downloads/scripts,Invoke-MgmtInstancePostConfig.ps1
cfn-ps-microsoft-activedirectory-airgapped/downloads/scripts,LCM-Config.ps1
cfn-ps-microsoft-activedirectory-airgapped/downloads/scripts,Dns-Config.ps1
cfn-ps-microsoft-activedirectory-airgapped/downloads/scripts,Install-ADDSForest.ps1
cfn-ps-microsoft-activedirectory-airgapped/downloads/scripts,Invoke-TwoTierSubCaInstall.ps1
cfn-ps-microsoft-activedirectory-airgapped/downloads/scripts,Install-ADDSDC.ps1
cfn-ps-microsoft-activedirectory-airgapped/downloads/scripts,Invoke-TwoTierSubCaConfig.ps1
cfn-ps-microsoft-activedirectory-airgapped/downloads/scripts,Invoke-MgmtInstanceConfig.ps1
cfn-ps-microsoft-activedirectory-airgapped/downloads/scripts,ConfigDC2.ps1
cfn-ps-microsoft-activedirectory-airgapped/downloads/scripts,AddDNSForward.ps1
cfn-ps-microsoft-activedirectory-airgapped/downloads/scripts,Invoke-TwoTierOrCaConfig.ps1
cfn-ps-microsoft-activedirectory-airgapped/downloads/scripts,ConfigDC1.ps1
cfn-ps-microsoft-activedirectory-airgapped/downloads/scripts,Update-DNSServers.ps1
cfn-ps-microsoft-activedirectory-airgapped/downloads/scripts,createWinRMGPO.ps1
cfn-ps-microsoft-activedirectory-airgapped/downloads/scripts,Post-Config.ps1
cfn-ps-microsoft-activedirectory-airgapped/downloads/scripts,Create-AdminUser.ps1
cfn-ps-microsoft-activedirectory-airgapped/downloads/scripts,deleteWinRMGPO.ps1
cfn-ps-microsoft-activedirectory-airgapped/downloads/scripts,Invoke-TwoTierOrCaPreConfig.ps1
cfn-ps-microsoft-activedirectory-airgapped/downloads/scripts,AD2-NonPromoConfig.ps1
cfn-ps-microsoft-activedirectory-airgapped/downloads/scripts,ExtendDC1.ps1
cfn-ps-microsoft-activedirectory-airgapped/downloads/scripts,ConfigDC1-SSM.ps1
cfn-ps-microsoft-activedirectory-airgapped/downloads/scripts,Invoke-TwoTierSubCaCertIssue.ps1
cfn-ps-microsoft-activedirectory-airgapped/downloads/scripts,Set-LCMConfig.ps1
cfn-ps-microsoft-activedirectory-airgapped/downloads/scripts,ExtendDC2.ps1
cfn-ps-microsoft-activedirectory-airgapped/downloads/scripts,Add-DNSEntry.ps1
cfn-ps-microsoft-activedirectory-airgapped/downloads/scripts,Disable-WindowsFirewall.ps1
cfn-ps-microsoft-activedirectory-airgapped/downloads/scripts,ConvertTo-EnterpriseAdmin.ps1
cfn-ps-microsoft-activedirectory-airgapped/downloads/scripts,Rename-Computer.ps1
cfn-ps-microsoft-activedirectory-airgapped/downloads/scripts,install-ad-modules.ps1
cfn-ps-microsoft-activedirectory-airgapped/downloads/scripts,Initialize-Instance.ps1
cfn-ps-microsoft-activedirectory-airgapped/downloads/scripts,Configure-Sites.ps1
cfn-ps-microsoft-activedirectory-airgapped/downloads/scripts,Install-Prereqs.ps1
cfn-ps-microsoft-activedirectory-airgapped/downloads/scripts,AD2-Post-Config.ps1
cfn-ps-microsoft-activedirectory-airgapped/downloads/scripts,New-LabADUser.ps1
cfn-ps-microsoft-activedirectory-airgapped/downloads/scripts,ConfigDC2-SSM.ps1
cfn-ps-microsoft-activedirectory-airgapped/downloads/modules,certificatedsc.5.1.0.nupkg
cfn-ps-microsoft-activedirectory-airgapped/downloads/modules,computermanagementdsc.8.5.0.nupkg
cfn-ps-microsoft-activedirectory-airgapped/downloads/modules,auditpolicydsc.1.4.0.nupkg
cfn-ps-microsoft-activedirectory-airgapped/downloads/modules,networkingdsc.8.2.0.nupkg
cfn-ps-microsoft-activedirectory-airgapped/downloads/modules,securitypolicydsc.2.10.0.nupkg
cfn-ps-microsoft-activedirectory-airgapped/downloads/modules,dnsserverdsc.3.0.0.nupkg
cfn-ps-microsoft-activedirectory-airgapped/downloads/modules,activedirectorydsc.6.0.1.nupkg
cfn-ps-microsoft-activedirectory-airgapped/downloads/modules,filechecksums.sha256